data/train/plaka/araba_plaka_10.jpg,6,5,133,37,plaka
data/train/plaka/araba_plaka_104.jpg,3,3,237,76,plaka
data/train/plaka/araba_plaka_114.jpg,1,18,241,227,plaka
data/train/plaka/araba_plaka_252.jpg,1,1,241,155,plaka
data/train/plaka/araba_plaka_108.jpg,1,2,204,80,plaka
data/train/plaka/araba_plakas_108.jpg,1,2,213,84,plaka
data/train/plaka/araba_plaka_32.jpg,1,1,227,64,plaka
data/train/plaka/araba_plaka_169.jpg,3,7,229,191,plaka
data/train/plaka/araba_plaka_173.jpg,2,1,231,107,plaka
data/train/plaka/araba_plaka_97.jpg,14,1,176,41,plaka
data/train/plaka/araba_plaka_97.jpg,1,39,182,89,plaka
data/train/plaka/araba_plaka_147.jpg,1,1,210,112,plaka
data/train/plaka/araba_plaka_10a4.jpg,1,3,206,62,plaka
data/train/plaka/araba_plaka_80.jpg,1,1,159,53,plaka
data/train/plaka/araba_plaka_10s4.jpg,2,3,223,71,plaka
data/train/plaka/araba_plaka_52.jpg,1,1,124,91,plaka
data/train/plaka/araba_plaka_34.jpg,3,1,146,67,plaka
data/train/plaka/araba_plaka_58.jpg,8,1,235,128,plaka
data/train/plaka/araba_plaka_96.jpg,4,4,217,115,plaka
data/train/plaka/araba_plaka_37.jpg,3,1,201,59,plaka
data/train/plaka/araba_plaka_64.jpg,8,8,228,121,plaka
data/train/plaka/araba_plaka_a0.jpg,3,8,206,63,plaka
data/train/plaka/araba_plaka_146.jpg,4,2,132,35,plaka
data/train/plaka/araba_plaka_122.jpg,3,11,239,236,plaka
data/train/plaka/araba_plaka_115.jpg,1,1,222,72,plaka
data/train/plaka/araba_plaka_139.jpg,2,3,233,189,plaka
data/train/plaka/araba_plaka_121.jpg,1,3,243,234,plaka
data/train/plaka/araba_plaka_56.jpg,1,1,221,58,plaka
data/train/plaka/araba_splaka_97.jpg,1,2,221,67,plaka
data/train/plaka/araba_plaka_22.jpg,8,6,198,142,plaka
data/train/gun/gun_5.jpg,1,6,238,239,gun
data/train/gun/silah_22.jpg,31,43,220,203,gun
data/train/gun/gun_166.jpg,1,6,214,107,gun
data/train/gun/gun_50.jpg,32,1,219,191,gun
data/train/gun/weapon_144.jpg,23,46,225,234,gun
data/train/gun/gun_36.jpg,12,1,244,231,gun
data/train/gun/gun_96.jpg,5,1,105,130,gun
data/train/gun/gun_96.jpg,98,6,244,137,gun
data/train/gun/gun_96.jpg,66,134,240,240,gun
data/train/gun/gun_105.jpg,7,12,224,228,gun
data/train/gun/silah_41.jpg,1,35,242,211,gun
data/train/gun/weapon_98.jpg,9,19,230,223,gun
data/train/gun/silah_21.jpg,1,1,242,238,gun
data/train/gun/gun_217.jpg,34,15,244,157,gun
data/train/gun/weapon_229.jpg,7,121,144,227,gun
data/train/gun/weapon_229.jpg,104,1,234,107,gun
data/train/gun/weapon_229.jpg,148,137,239,240,gun
data/train/gun/silah_59.jpg,34,67,219,221,gun
data/train/gun/silah_56.jpg,24,3,191,227,gun
data/train/gun/weapon_40.jpg,4,4,244,228,gun
data/train/gun/weapon_24.jpg,1,1,241,239,gun
data/train/gun/gun_173.jpg,16,33,216,223,gun
data/train/gun/gun_111.jpg,3,15,237,224,gun
data/train/gun/silah_65.jpg,1,30,152,167,gun
data/train/gun/silah_65.jpg,154,40,244,154,gun
data/train/gun/weapon_139.jpg,72,143,166,225,gun
data/train/gun/weapon_139.jpg,13,34,235,175,gun
data/train/gun/silah_7.jpg,12,65,134,176,gun
data/train/gun/silah_7.jpg,108,7,224,126,gun
data/train/gun/silah_7.jpg,75,124,204,240,gun
data/train/gun/gun_23.jpg,37,24,213,238,gun
data/train/gun/gun_206.jpg,6,8,235,239,gun
data/train/gun/silah_78.jpg,3,11,234,233,gun
data/train/gun/gun_124.jpg,19,27,230,231,gun
data/train/gun/weapon_61.jpg,1,1,244,238,gun
data/train/gun/gun_80.jpg,57,6,221,235,gun
data/train/gun/gun_65.jpg,4,31,243,211,gun
data/train/gun/gun_169.jpg,2,48,228,188,gun
data/train/gun/gun_32.jpg,1,11,242,168,gun
data/train/gun/weapon_170.jpg,3,128,152,226,gun
data/train/gun/weapon_170.jpg,8,12,235,146,gun
data/train/gun/gun_133.jpg,12,3,223,239,gun
data/train/gun/silah_5.jpg,18,24,200,185,gun
data/train/gun/gun_101.jpg,19,116,239,231,gun
data/train/gun/gun_101.jpg,4,28,242,96,gun
data/train/gun/weapon_32.jpg,10,50,230,215,gun
data/train/gun/weapon_133.jpg,5,1,237,224,gun
data/train/gun/gun_225.jpg,6,6,242,231,gun
data/train/gun/silah_57.jpg,25,57,232,183,gun
data/train/gun/weapon_161.jpg,6,8,244,164,gun
data/train/gun/gun_145.jpg,8,76,236,216,gun
data/train/gun/gun_51.jpg,23,7,243,234,gun
data/train/gun/weapon_11.jpg,18,12,222,239,gun
data/train/gun/silah_47.jpg,37,1,155,114,gun
data/train/gun/silah_47.jpg,111,123,244,243,gun
data/train/gun/silah_40.jpg,40,45,191,241,gun
data/train/gun/silah_35.jpg,13,1,237,237,gun
data/train/gun/gun_71.jpg,90,96,226,173,gun
data/train/gun/silah_25.jpg,7,3,244,211,gun
data/train/gun/gun_198.jpg,14,25,222,210,gun
data/train/gun/gun_159.jpg,35,1,220,205,gun
data/train/gun/gun_163.jpg,4,16,243,228,gun
data/train/gun/gun_6.jpg,6,11,241,225,gun
data/train/gun/gun_181.jpg,13,8,225,223,gun
data/train/gun/gun_181.jpg,1,125,116,243,gun
data/train/gun/weapon_104.jpg,46,27,208,211,gun
data/train/gun/weapon_188.jpg,2,7,244,232,gun
data/train/gun/silah_26.jpg,30,15,205,236,gun
data/train/gun/weapon_244.jpg,9,111,233,231,gun
data/train/gun/weapon_244.jpg,3,11,233,103,gun
data/train/gun/silah_24.jpg,2,31,229,221,gun
data/train/gun/gun_210.jpg,1,1,244,232,gun
data/train/gun/weapon_203.jpg,1,22,235,194,gun
data/train/gun/silah_42.jpg,38,17,244,238,gun
data/train/gun/silah_88.jpg,46,47,241,194,gun
data/train/gun/weapon_134.jpg,72,105,186,236,gun
data/train/gun/weapon_134.jpg,7,7,120,113,gun
data/train/gun/weapon_134.jpg,125,15,244,102,gun
data/train/gun/gun_150.jpg,4,10,244,219,gun
data/train/gun/gun_180.jpg,3,2,240,244,gun
data/train/gun/silah_37.jpg,7,16,237,167,gun
data/train/gun/silah_39.jpg,11,81,239,235,gun
data/train/gun/gun_106.jpg,1,2,243,241,gun
data/train/gun/weapon_138.jpg,16,39,161,210,gun
data/train/gun/weapon_15.jpg,21,27,238,212,gun
data/train/gun/gun_93.jpg,1,19,241,228,gun
data/train/gun/silah_48.jpg,1,3,237,216,gun
data/train/gun/silah_6.jpg,14,33,237,212,gun
data/train/gun/gun_44.jpg,4,10,242,244,gun
data/train/gun/weapon_2.jpg,39,67,218,218,gun
data/train/gun/gun_26.jpg,1,4,242,231,gun
data/train/gun/gun_15.jpg,7,19,225,200,gun
data/train/gun/silah_11.jpg,2,3,244,129,gun
data/train/gun/silah_11.jpg,16,123,241,240,gun
data/train/gun/gun_158.jpg,36,2,222,157,gun
data/train/gun/gun_69.jpg,1,3,240,232,gun
data/train/gun/gun_34.jpg,36,6,206,130,gun
data/train/gun/silah_60.jpg,18,2,230,184,gun
data/train/gun/gun_57.jpg,19,9,237,233,gun
data/train/gun/gun_18.jpg,2,1,243,242,gun
data/train/gun/silah_27.jpg,9,32,240,215,gun
data/train/gun/gun_183.jpg,4,32,242,213,gun
data/train/gun/gun_152.jpg,7,3,244,83,gun
data/train/gun/gun_152.jpg,1,82,235,237,gun
data/train/gun/gun_185.jpg,12,25,242,238,gun
data/train/gun/gun_66.jpg,72,17,244,239,gun
data/train/gun/gun_199.jpg,54,6,187,241,gun
data/train/gun/gun_82.jpg,1,18,244,243,gun
data/train/gun/gun_56.jpg,10,16,230,153,gun
data/train/gun/silah_28.jpg,1,86,243,244,gun
data/train/gun/gun_4.jpg,7,47,244,196,gun
data/train/gun/weapon_28.jpg,62,30,183,226,gun
data/train/gun/weapon_111.jpg,6,50,244,233,gun
data/train/gun/gun_202.jpg,2,32,244,217,gun
data/train/gun/weapon_90.jpg,4,17,234,229,gun
data/train/gun/gun_142.jpg,1,107,83,235,gun
data/train/gun/gun_142.jpg,45,10,233,216,gun
data/train/gun/gun_121.jpg,10,34,235,222,gun
data/train/gun/gun_139.jpg,5,5,244,242,gun
data/train/gun/gun_27.jpg,5,11,237,239,gun
data/train/gun/gun_90.jpg,2,65,244,200,gun
data/train/gun/weapon_5.jpg,6,9,244,238,gun
data/train/gun/silah_44.jpg,1,1,243,232,gun
data/train/gun/gun_14.jpg,11,8,244,235,gun
data/train/gun/gun_58.jpg,20,14,241,223,gun
data/train/gun/silah_50.jpg,37,79,213,238,gun
data/train/gun/gun_48.jpg,61,1,241,218,gun
data/train/gun/gun_151.jpg,28,73,216,228,gun
data/train/gun/gun_110.jpg,17,7,233,156,gun
data/train/gun/silah_70.jpg,9,14,216,161,gun
data/train/gun/silah_70.jpg,39,92,239,240,gun
data/train/gun/silah_10.jpg,14,28,214,211,gun
data/train/gun/silah_67.jpg,2,8,229,146,gun
data/train/gun/gun_100.jpg,1,26,241,173,gun
data/train/gun/silah_9.jpg,1,10,243,229,gun
data/train/gun/weapon_186.jpg,17,50,244,206,gun
data/train/gun/silah_79.jpg,25,22,230,186,gun
data/train/gun/gun_13.jpg,1,1,239,238,gun
data/train/gun/weapon_198.jpg,1,25,241,181,gun
data/train/gun/gun_126.jpg,3,11,237,237,gun
data/train/gun/gun_194.jpg,1,1,239,241,gun
data/train/gun/weapon_39.jpg,5,190,154,240,gun
data/train/gun/weapon_39.jpg,5,144,184,189,gun
data/train/gun/weapon_39.jpg,7,106,136,142,gun
data/train/gun/weapon_39.jpg,2,55,172,100,gun
data/train/gun/weapon_39.jpg,4,16,129,50,gun
data/train/gun/weapon_39.jpg,131,11,239,52,gun
data/train/gun/weapon_39.jpg,175,62,241,100,gun
data/train/gun/weapon_39.jpg,141,103,238,146,gun
data/train/gun/weapon_39.jpg,182,138,242,185,gun
data/train/gun/weapon_39.jpg,175,189,227,234,gun
data/train/gun/silah_58.jpg,23,28,216,210,gun
data/train/gun/weapon_55.jpg,19,20,231,218,gun
data/train/gun/gun_132.jpg,8,26,238,165,gun
data/train/gun/silah_75.jpg,6,6,237,230,gun
data/train/gun/weapon_145.jpg,6,20,244,223,gun
data/train/gun/silah_30.jpg,14,8,234,177,gun
data/train/gun/silah_12.jpg,2,48,116,240,gun
data/train/gun/silah_12.jpg,66,20,184,224,gun
data/train/gun/silah_12.jpg,120,1,242,168,gun
data/train/gun/silah_4.jpg,1,29,236,241,gun
data/train/gun/gun_113.jpg,15,10,235,242,gun
data/train/gun/gun_55.jpg,4,19,228,220,gun
data/train/gun/silah_16.jpg,27,52,241,211,gun
data/train/bloody/gore_35.jpg,29,66,153,178,bloody
data/train/bloody/gore_5.jpg,46,35,233,240,bloody
data/train/bloody/gore_71.jpg,46,45,162,173,bloody
data/train/bloody/gore_30.jpg,45,76,165,199,bloody
data/train/bloody/gore_13.jpg,1,150,57,243,bloody
data/train/bloody/gore_13.jpg,8,1,76,83,bloody
data/train/bloody/gore_13.jpg,111,157,235,236,bloody
data/train/bloody/gore_13.jpg,85,1,137,86,bloody
data/train/bloody/gore_13.jpg,107,72,233,170,bloody
data/train/bloody/gore_17.jpg,88,34,229,199,bloody
data/train/bloody/gore_66.jpg,44,30,226,225,bloody
data/train/bloody/gore_1.jpg,12,3,203,239,bloody
data/train/bloody/gore_114.jpg,87,112,229,192,bloody
data/train/bloody/gore_41.jpg,61,76,190,200,bloody
data/train/bloody/gore_10.jpg,65,11,222,195,bloody
data/train/bloody/gore_140.jpg,13,23,235,219,bloody
data/train/bloody/gore_25.jpg,63,30,204,214,bloody
data/train/bloody/kan_15.jpg,61,18,229,239,bloody
data/train/bloody/kan_79.jpg,147,18,218,140,bloody
data/train/bloody/gore_161.jpg,10,50,237,230,bloody
data/train/bloody/gore_27.jpg,14,48,138,222,bloody
data/train/bloody/gore_61.jpg,105,2,212,152,bloody
data/train/bloody/gore_16.jpg,6,14,235,227,bloody
data/train/bloody/kan_56.jpg,2,5,244,241,bloody
data/train/bloody/gore_49.jpg,41,74,191,212,bloody
data/train/bloody/gore_28.jpg,107,121,226,240,bloody
data/train/bloody/gore_40.jpg,68,39,162,220,bloody
data/train/bloody/gore_126.jpg,22,62,106,170,bloody
data/train/bloody/gore_126.jpg,166,82,226,203,bloody
data/train/bloody/gore_6.jpg,92,123,184,229,bloody
data/train/bloody/gore_6.jpg,8,67,65,139,bloody
data/train/bloody/kan_101.jpg,1,15,241,201,bloody
data/train/bloody/gore_8.jpg,21,37,160,195,bloody
data/train/bloody/gore_12.jpg,25,68,165,212,bloody
data/train/bloody/gore_3.jpg,14,1,160,188,bloody
data/train/bloody/gore_108.jpg,28,48,227,225,bloody
data/train/bloody/gore_46.jpg,25,1,204,234,bloody
data/train/bloody/kan_90.jpg,8,1,233,238,bloody
data/train/bloody/gore_57.jpg,53,39,188,207,bloody
data/train/bloody/kan_71.jpg,3,6,244,240,bloody
data/train/bloody/kan_132.jpg,25,24,174,192,bloody
data/train/bloody/gore_20.jpg,8,105,209,231,bloody
data/train/bloody/gore_7.jpg,89,39,128,231,bloody
data/train/politics/siyasi_parti_amblemleri_55.jpg,44,7,202,236,symbol
data/train/politics/siyasi_parti_amblemleri_85.jpg,30,12,212,237,symbol
data/train/politics/siyasi_parti_amblemleri_73.jpg,5,21,86,211,symbol
data/train/politics/siyasi_parti_amblemleri_5.jpg,3,1,80,108,symbol
data/train/politics/siyasi_parti_amblemleri_5.jpg,77,1,134,102,symbol
data/train/politics/siyasi_parti_amblemleri_5.jpg,129,4,182,103,symbol
data/train/politics/siyasi_parti_amblemleri_5.jpg,179,3,244,103,symbol
data/train/politics/siyasi_parti_amblemleri_5.jpg,2,128,58,238,symbol
data/train/politics/siyasi_parti_amblemleri_5.jpg,60,136,120,242,symbol
data/train/politics/siyasi_parti_amblemleri_5.jpg,120,135,187,244,symbol
data/train/politics/siyasi_parti_amblemleri_5.jpg,188,134,244,243,symbol
data/train/politics/siyasi_parti_amblemleri_11.jpg,1,1,48,58,symbol
data/train/politics/siyasi_parti_amblemleri_11.jpg,47,1,98,59,symbol
data/train/politics/siyasi_parti_amblemleri_11.jpg,97,1,148,57,symbol
data/train/politics/siyasi_parti_amblemleri_11.jpg,146,1,198,59,symbol
data/train/politics/siyasi_parti_amblemleri_11.jpg,198,1,244,57,symbol
data/train/politics/siyasi_parti_amblemleri_11.jpg,1,61,47,119,symbol
data/train/politics/siyasi_parti_amblemleri_11.jpg,47,60,96,121,symbol
data/train/politics/siyasi_parti_amblemleri_11.jpg,97,60,148,121,symbol
data/train/politics/siyasi_parti_amblemleri_11.jpg,147,60,195,121,symbol
data/train/politics/siyasi_parti_amblemleri_11.jpg,197,64,244,121,symbol
data/train/politics/siyasi_parti_amblemleri_11.jpg,1,122,47,184,symbol
data/train/politics/siyasi_parti_amblemleri_11.jpg,46,120,98,185,symbol
data/train/politics/siyasi_parti_amblemleri_11.jpg,98,123,146,183,symbol
data/train/politics/siyasi_parti_amblemleri_11.jpg,147,122,196,184,symbol
data/train/politics/siyasi_parti_amblemleri_11.jpg,198,121,244,183,symbol
data/train/politics/siyasi_parti_amblemleri_11.jpg,1,184,48,244,symbol
data/train/politics/siyasi_parti_amblemleri_11.jpg,48,185,95,244,symbol
data/train/politics/siyasi_parti_amblemleri_11.jpg,98,185,145,244,symbol
data/train/politics/siyasi_parti_amblemleri_11.jpg,147,184,196,244,symbol
data/train/politics/siyasi_parti_amblemleri_11.jpg,198,184,244,243,symbol
data/train/politics/siyasi_parti_amblemleri_83.jpg,49,8,185,231,symbol
data/train/politics/politic_symbols_42.jpg,12,6,54,76,symbol
data/train/politics/politic_symbols_42.jpg,64,7,115,76,symbol
data/train/politics/politic_symbols_42.jpg,121,7,178,77,symbol
data/train/politics/politic_symbols_42.jpg,179,8,237,81,symbol
data/train/politics/politic_symbols_42.jpg,6,84,60,156,symbol
data/train/politics/politic_symbols_42.jpg,66,88,122,152,symbol
data/train/politics/politic_symbols_42.jpg,127,86,177,158,symbol
data/train/politics/politic_symbols_42.jpg,180,91,238,153,symbol
data/train/politics/politic_symbols_42.jpg,3,161,66,234,symbol
data/train/politics/politic_symbols_42.jpg,68,164,115,235,symbol
data/train/politics/politic_symbols_42.jpg,118,161,181,236,symbol
data/train/politics/politic_symbols_42.jpg,190,154,235,237,symbol
data/train/politics/siyasi_parti_amblemleri_97.jpg,36,25,87,85,symbol
data/train/politics/siyasi_parti_amblemleri_97.jpg,94,22,145,81,symbol
data/train/politics/siyasi_parti_amblemleri_97.jpg,147,30,215,76,symbol
data/train/politics/siyasi_parti_amblemleri_97.jpg,32,92,85,151,symbol
data/train/politics/siyasi_parti_amblemleri_97.jpg,64,157,126,222,symbol
data/train/politics/siyasi_parti_amblemleri_97.jpg,134,153,169,221,symbol
data/train/politics/siyasi_parti_amblemleri_97.jpg,97,90,140,152,symbol
data/train/politics/siyasi_parti_amblemleri_97.jpg,152,89,203,149,symbol
data/train/politics/politic_symbols_205.jpg,61,48,184,191,symbol
data/train/politics/siyasi_parti_amblemleri_38.jpg,33,17,205,226,symbol
data/train/politics/siyasi_parti_amblemleri_62.jpg,16,24,119,223,symbol
data/train/politics/siyasi_parti_amblemleri_62.jpg,127,22,231,226,symbol
data/train/politics/siyasi_parti_amblemleri_71.jpg,30,26,204,236,symbol
data/train/politics/siyasi_parti_amblemleri_52.jpg,7,15,42,100,symbol
data/train/politics/siyasi_parti_amblemleri_52.jpg,59,35,100,102,symbol
data/train/politics/siyasi_parti_amblemleri_52.jpg,121,15,170,105,symbol
data/train/politics/siyasi_parti_amblemleri_52.jpg,185,10,239,68,symbol
data/train/politics/siyasi_parti_amblemleri_52.jpg,4,163,49,239,symbol
data/train/politics/siyasi_parti_amblemleri_52.jpg,65,172,115,219,symbol
data/train/politics/siyasi_parti_amblemleri_52.jpg,132,143,184,219,symbol
data/train/politics/siyasi_parti_amblemleri_52.jpg,194,141,238,205,symbol
data/train/politics/siyasi_parti_amblemleri_10.jpg,1,9,79,64,symbol
data/train/politics/siyasi_parti_amblemleri_10.jpg,13,167,61,237,symbol
data/train/politics/siyasi_parti_amblemleri_10.jpg,10,77,72,160,symbol
data/train/politics/siyasi_parti_amblemleri_10.jpg,78,90,122,146,symbol
data/train/politics/siyasi_parti_amblemleri_10.jpg,79,16,119,60,symbol
data/train/politics/siyasi_parti_amblemleri_10.jpg,126,7,165,63,symbol
data/train/politics/siyasi_parti_amblemleri_10.jpg,169,2,202,69,symbol
data/train/politics/siyasi_parti_amblemleri_10.jpg,207,1,242,73,symbol
data/train/politics/siyasi_parti_amblemleri_10.jpg,125,78,168,156,symbol
data/train/politics/siyasi_parti_amblemleri_10.jpg,76,167,119,242,symbol
data/train/politics/siyasi_parti_amblemleri_10.jpg,129,165,165,238,symbol
data/train/politics/siyasi_parti_amblemleri_10.jpg,169,166,197,237,symbol
data/train/politics/siyasi_parti_amblemleri_10.jpg,208,165,242,239,symbol
data/train/politics/siyasi_parti_amblemleri_10.jpg,205,92,244,148,symbol
data/train/politics/siyasi_parti_amblemleri_10.jpg,166,78,204,156,symbol
data/train/politics/siyasi_parti_amblemleri_17.jpg,1,1,44,60,symbol
data/train/politics/siyasi_parti_amblemleri_17.jpg,53,3,92,56,symbol
data/train/politics/siyasi_parti_amblemleri_17.jpg,100,7,144,56,symbol
data/train/politics/siyasi_parti_amblemleri_17.jpg,152,4,195,57,symbol
data/train/politics/siyasi_parti_amblemleri_17.jpg,203,2,244,56,symbol
data/train/politics/siyasi_parti_amblemleri_17.jpg,1,65,41,121,symbol
data/train/politics/siyasi_parti_amblemleri_17.jpg,47,64,92,123,symbol
data/train/politics/siyasi_parti_amblemleri_17.jpg,102,73,146,118,symbol
data/train/politics/siyasi_parti_amblemleri_17.jpg,153,65,193,119,symbol
data/train/politics/siyasi_parti_amblemleri_17.jpg,204,69,244,114,symbol
data/train/politics/siyasi_parti_amblemleri_17.jpg,10,122,58,175,symbol
data/train/politics/siyasi_parti_amblemleri_17.jpg,63,122,113,171,symbol
data/train/politics/siyasi_parti_amblemleri_17.jpg,124,121,175,176,symbol
data/train/politics/siyasi_parti_amblemleri_17.jpg,10,184,53,234,symbol
data/train/politics/siyasi_parti_amblemleri_17.jpg,68,186,116,236,symbol
data/train/politics/siyasi_parti_amblemleri_17.jpg,127,182,173,237,symbol
data/train/politics/siyasi_parti_amblemleri_17.jpg,187,182,235,233,symbol
data/train/politics/siyasi_parti_amblemleri_17.jpg,183,121,233,171,symbol
data/train/politics/siyasi_parti_amblemleri_70.jpg,10,54,236,223,symbol
data/train/politics/siyasi_parti_amblemleri_95.jpg,79,16,161,170,symbol
data/train/politics/siyasi_parti_amblemleri_101.jpg,22,1,110,188,symbol
data/train/politics/siyasi_parti_amblemleri_101.jpg,125,1,205,188,symbol
data/train/politics/siyasi_parti_amblemleri_36.jpg,6,7,243,243,symbol
data/train/politics/siyasi_parti_amblemleri_15.jpg,1,6,27,57,symbol
data/train/politics/siyasi_parti_amblemleri_15.jpg,31,3,85,82,symbol
data/train/politics/siyasi_parti_amblemleri_15.jpg,87,6,131,75,symbol
data/train/politics/siyasi_parti_amblemleri_15.jpg,129,1,170,75,symbol
data/train/politics/siyasi_parti_amblemleri_15.jpg,173,1,215,78,symbol
data/train/politics/siyasi_parti_amblemleri_15.jpg,1,80,34,167,symbol
data/train/politics/siyasi_parti_amblemleri_15.jpg,34,80,87,158,symbol
data/train/politics/siyasi_parti_amblemleri_15.jpg,88,93,131,159,symbol
data/train/politics/siyasi_parti_amblemleri_15.jpg,134,92,163,166,symbol
data/train/politics/siyasi_parti_amblemleri_15.jpg,166,94,222,149,symbol
data/train/politics/siyasi_parti_amblemleri_15.jpg,1,168,42,235,symbol
data/train/politics/siyasi_parti_amblemleri_15.jpg,44,161,94,230,symbol
data/train/politics/siyasi_parti_amblemleri_15.jpg,94,167,135,228,symbol
data/train/politics/siyasi_parti_amblemleri_15.jpg,134,168,168,221,symbol
data/train/politics/siyasi_parti_amblemleri_15.jpg,173,167,215,219,symbol
data/train/politics/siyasi_parti_amblemleri_15.jpg,215,162,244,225,symbol
data/train/politics/siyasi_parti_amblemleri_35.jpg,39,5,115,133,symbol
data/train/politics/siyasi_parti_amblemleri_35.jpg,124,6,196,132,symbol
data/train/politics/siyasi_parti_amblemleri_68.jpg,55,6,191,242,symbol
data/train/politics/siyasi_parti_amblemleri_68.jpg,1,42,39,193,symbol
data/train/politics/siyasi_parti_amblemleri_68.jpg,206,59,244,178,symbol
data/train/politics/politic_symbols_93.jpg,5,2,243,226,symbol
data/train/politics/siyasi_parti_amblemleri_26.jpg,30,1,219,242,symbol
data/train/politics/siyasi_parti_amblemleri_12.jpg,33,6,49,44,symbol
data/train/politics/siyasi_parti_amblemleri_12.jpg,187,3,214,61,symbol
data/train/politics/siyasi_parti_amblemleri_12.jpg,156,1,187,57,symbol
data/train/politics/siyasi_parti_amblemleri_12.jpg,130,1,156,61,symbol
data/train/politics/siyasi_parti_amblemleri_12.jpg,107,1,130,58,symbol
data/train/politics/siyasi_parti_amblemleri_12.jpg,83,1,107,58,symbol
data/train/politics/siyasi_parti_amblemleri_12.jpg,49,2,81,64,symbol
data/train/politics/siyasi_parti_amblemleri_12.jpg,26,58,52,121,symbol
data/train/politics/siyasi_parti_amblemleri_12.jpg,53,64,83,119,symbol
data/train/politics/siyasi_parti_amblemleri_12.jpg,81,71,108,116,symbol
data/train/politics/siyasi_parti_amblemleri_12.jpg,108,68,127,125,symbol
data/train/politics/siyasi_parti_amblemleri_12.jpg,128,70,160,116,symbol
data/train/politics/siyasi_parti_amblemleri_12.jpg,158,69,198,118,symbol
data/train/politics/siyasi_parti_amblemleri_12.jpg,29,125,58,177,symbol
data/train/politics/siyasi_parti_amblemleri_12.jpg,59,121,87,171,symbol
data/train/politics/siyasi_parti_amblemleri_12.jpg,88,126,109,172,symbol
data/train/politics/siyasi_parti_amblemleri_12.jpg,109,125,130,165,symbol
data/train/politics/siyasi_parti_amblemleri_12.jpg,132,123,154,165,symbol
data/train/politics/siyasi_parti_amblemleri_12.jpg,154,124,181,167,symbol
data/train/politics/siyasi_parti_amblemleri_12.jpg,182,123,202,167,symbol
data/train/politics/siyasi_parti_amblemleri_12.jpg,24,185,58,238,symbol
data/train/politics/siyasi_parti_amblemleri_12.jpg,60,184,87,237,symbol
data/train/politics/siyasi_parti_amblemleri_12.jpg,87,186,111,241,symbol
data/train/politics/siyasi_parti_amblemleri_12.jpg,111,188,136,244,symbol
data/train/politics/siyasi_parti_amblemleri_12.jpg,138,194,164,237,symbol
data/train/politics/siyasi_parti_amblemleri_12.jpg,166,191,189,240,symbol
data/train/politics/siyasi_parti_amblemleri_12.jpg,192,185,219,238,symbol
data/train/politics/siyasi_parti_amblemleri_66.jpg,39,13,223,234,symbol
data/train/politics/politic_symbols_175.jpg,64,39,183,201,symbol
data/train/politics/siyasi_parti_amblemleri_20.jpg,58,5,188,242,symbol
data/train/politics/siyasi_parti_amblemleri_40.jpg,30,1,98,78,symbol
data/train/politics/siyasi_parti_amblemleri_40.jpg,3,72,84,186,symbol
data/train/politics/siyasi_parti_amblemleri_40.jpg,68,123,148,241,symbol
data/train/politics/siyasi_parti_amblemleri_40.jpg,1,195,61,244,symbol
data/train/politics/siyasi_parti_amblemleri_40.jpg,156,135,244,243,symbol
data/train/politics/siyasi_parti_amblemleri_40.jpg,127,1,242,127,symbol
data/train/politics/siyasi_parti_amblemleri_40.jpg,92,1,153,124,symbol
data/train/politics/siyasi_parti_amblemleri_41.jpg,58,10,184,237,symbol
data/train/politics/siyasi_parti_amblemleri_59.jpg,44,27,205,214,symbol
data/train/politics/politic_symbols_144.jpg,6,49,48,138,symbol
data/train/politics/politic_symbols_144.jpg,53,49,95,137,symbol
data/train/politics/politic_symbols_144.jpg,102,59,141,130,symbol
data/train/politics/politic_symbols_144.jpg,153,57,187,126,symbol
data/train/politics/politic_symbols_144.jpg,199,51,237,131,symbol
data/train/politics/politic_symbols_144.jpg,8,159,45,220,symbol
data/train/politics/politic_symbols_144.jpg,53,161,95,223,symbol
data/train/politics/politic_symbols_144.jpg,102,151,142,221,symbol
data/train/politics/politic_symbols_144.jpg,158,149,184,229,symbol
data/train/politics/politic_symbols_144.jpg,199,158,235,222,symbol
data/train/politics/siyasi_parti_amblemleri_60.jpg,13,23,232,244,symbol
data/train/politics/politic_symbols_43.jpg,9,15,71,117,symbol
data/train/politics/politic_symbols_43.jpg,11,133,73,239,symbol
data/train/politics/politic_symbols_43.jpg,91,16,149,116,symbol
data/train/politics/politic_symbols_43.jpg,172,20,232,114,symbol
data/train/politics/politic_symbols_43.jpg,172,129,237,230,symbol
data/train/politics/politic_symbols_43.jpg,91,129,160,229,symbol
data/train/politics/siyasi_parti_amblemleri_32.jpg,35,14,211,241,symbol
data/train/lingerie/lingerie_102.jpg,61,165,192,234,lingerie
data/train/lingerie/lingerie_102.jpg,78,74,194,155,lingerie
data/train/lingerie/lingerie_164.jpg,75,63,167,204,lingerie
data/train/lingerie/lingerie_98.jpg,55,159,156,211,lingerie
data/train/lingerie/lingerie_98.jpg,87,63,189,130,lingerie
data/train/lingerie/lingerie_200.jpg,43,149,173,219,lingerie
data/train/lingerie/lingerie_200.jpg,53,75,169,134,lingerie
data/train/lingerie/lingerie_101.jpg,79,62,181,129,lingerie
data/train/lingerie/lingerie_101.jpg,83,157,180,211,lingerie
data/train/lingerie/lingerie_140.jpg,88,60,167,221,lingerie
data/train/lingerie/lingerie_222.jpg,77,56,177,218,lingerie
data/train/lingerie/lingerie_115.jpg,86,62,172,206,lingerie
data/train/lingerie/lingerie_14.jpg,80,141,172,208,lingerie
data/train/lingerie/lingerie_14.jpg,82,57,164,126,lingerie
data/train/lingerie/lingerie_208.jpg,36,160,204,216,lingerie
data/train/lingerie/lingerie_208.jpg,56,60,187,144,lingerie
data/train/lingerie/lingerie_75.jpg,82,151,184,215,lingerie
data/train/lingerie/lingerie_75.jpg,58,71,176,147,lingerie
data/train/lingerie/lingerie_95.jpg,82,164,210,222,lingerie
data/train/lingerie/lingerie_95.jpg,71,65,211,144,lingerie
data/train/lingerie/lingerie_53.jpg,78,156,199,209,lingerie
data/train/lingerie/lingerie_53.jpg,89,63,200,128,lingerie
data/train/lingerie/lingerie_67.jpg,63,133,169,184,lingerie
data/train/lingerie/lingerie_67.jpg,68,54,164,120,lingerie
data/train/lingerie/lingerie_62.jpg,75,156,163,215,lingerie
data/train/lingerie/lingerie_62.jpg,81,71,156,151,lingerie
data/train/lingerie/lingerie_9.jpg,88,64,183,211,lingerie
data/train/lingerie/lingerie_144.jpg,62,74,178,188,lingerie
data/train/lingerie/lingerie_169.jpg,74,67,169,227,lingerie
data/train/lingerie/lingerie_139.jpg,87,188,163,244,lingerie
data/train/lingerie/lingerie_139.jpg,85,60,164,155,lingerie
data/train/lingerie/lingerie_159.jpg,70,64,177,198,lingerie
data/train/lingerie/lingerie_52.jpg,65,85,220,194,lingerie
data/train/lingerie/lingerie_229.jpg,37,91,203,207,lingerie
data/train/lingerie/lingerie_5.jpg,54,73,183,237,lingerie
data/train/lingerie/lingerie_99.jpg,81,158,193,218,lingerie
data/train/lingerie/lingerie_99.jpg,62,38,188,125,lingerie
data/train/lingerie/lingerie_42.jpg,68,58,187,199,lingerie
data/train/lingerie/lingerie_198.jpg,64,68,191,233,lingerie
data/train/lingerie/lingerie_50.jpg,83,46,157,130,lingerie
data/train/lingerie/lingerie_81.jpg,71,147,182,196,lingerie
data/train/lingerie/lingerie_81.jpg,73,60,168,126,lingerie
data/train/lingerie/lingerie_219.jpg,34,110,211,177,lingerie
data/train/lingerie/lingerie_137.jpg,56,66,191,192,lingerie
data/train/lingerie/lingerie_187.jpg,79,100,181,186,lingerie
data/train/lingerie/lingerie_187.jpg,75,3,172,79,lingerie
data/train/lingerie/lingerie_210.jpg,48,161,193,229,lingerie
data/train/lingerie/lingerie_210.jpg,78,86,227,139,lingerie
data/train/lingerie/lingerie_186.jpg,35,198,171,243,lingerie
data/train/lingerie/lingerie_186.jpg,30,79,157,170,lingerie
data/train/lingerie/lingerie_3.jpg,73,150,185,208,lingerie
data/train/lingerie/lingerie_3.jpg,71,65,169,133,lingerie
data/train/lingerie/lingerie_189.jpg,65,178,117,217,lingerie
data/train/lingerie/lingerie_189.jpg,60,69,112,144,lingerie
data/train/lingerie/lingerie_60.jpg,65,92,171,180,lingerie
data/train/lingerie/lingerie_175.jpg,71,54,176,187,lingerie
data/train/lingerie/lingerie_202.jpg,57,31,186,227,lingerie
data/train/lingerie/lingerie_97.jpg,76,75,200,210,lingerie
data/train/lingerie/lingerie_1.jpg,60,60,179,202,lingerie
data/train/lingerie/lingerie_173.jpg,45,75,204,212,lingerie
data/train/lingerie/lingerie_6.jpg,86,79,169,230,lingerie
data/train/lingerie/lingerie_199.jpg,38,163,166,222,lingerie
data/train/lingerie/lingerie_199.jpg,25,61,140,137,lingerie
data/train/lingerie/lingerie_47.jpg,69,70,173,195,lingerie
data/train/lingerie/lingerie_111.jpg,1,148,115,240,lingerie
data/train/lingerie/lingerie_111.jpg,126,146,220,214,lingerie
data/train/lingerie/lingerie_111.jpg,1,8,116,131,lingerie
data/train/lingerie/lingerie_111.jpg,134,18,244,145,lingerie
data/train/lingerie/lingerie_18.jpg,110,59,171,208,lingerie
data/train/lingerie/lingerie_195.jpg,73,71,219,167,lingerie
data/train/lingerie/lingerie_158.jpg,71,40,218,231,lingerie
data/train/lingerie/lingerie_68.jpg,27,75,155,229,lingerie
data/train/lingerie/lingerie_143.jpg,47,84,184,175,lingerie
data/train/lingerie/lingerie_176.jpg,72,53,158,138,lingerie
data/train/lingerie/lingerie_150.jpg,67,77,197,209,lingerie
data/train/lingerie/lingerie_156.jpg,85,161,165,220,lingerie
data/train/lingerie/lingerie_156.jpg,92,76,160,133,lingerie
data/train/lingerie/lingerie_215.jpg,60,64,193,225,lingerie
data/train/lingerie/lingerie_90.jpg,3,129,57,181,lingerie
data/train/lingerie/lingerie_90.jpg,126,130,183,196,lingerie
data/train/lingerie/lingerie_90.jpg,7,2,61,81,lingerie
data/train/lingerie/lingerie_90.jpg,135,8,188,96,lingerie
data/train/lingerie/lingerie_90.jpg,197,37,239,102,lingerie
data/train/lingerie/lingerie_90.jpg,205,124,236,187,lingerie
data/train/lingerie/lingerie_90.jpg,69,115,119,154,lingerie
data/train/lingerie/lingerie_24.jpg,35,96,168,203,lingerie
data/train/lingerie/lingerie_15.jpg,74,153,188,228,lingerie
data/train/lingerie/lingerie_15.jpg,88,54,195,148,lingerie
data/train/lingerie/lingerie_85.jpg,80,84,173,215,lingerie
data/train/lingerie/lingerie_132.jpg,104,199,194,244,lingerie
data/train/lingerie/lingerie_132.jpg,93,78,185,171,lingerie
data/train/lingerie/lingerie_77.jpg,63,137,183,206,lingerie
data/train/lingerie/lingerie_77.jpg,56,53,170,124,lingerie
data/train/lingerie/lingerie_4.jpg,77,140,153,201,lingerie
data/train/lingerie/lingerie_4.jpg,99,77,152,126,lingerie
data/train/lingerie/lingerie_93.jpg,58,158,176,209,lingerie
data/train/lingerie/lingerie_93.jpg,77,65,177,136,lingerie
data/train/lingerie/lingerie_8.jpg,49,76,198,228,lingerie
data/train/lingerie/lingerie_135.jpg,83,155,188,225,lingerie
data/train/lingerie/lingerie_135.jpg,113,56,196,138,lingerie
data/train/lingerie/lingerie_80.jpg,74,165,187,227,lingerie
data/train/lingerie/lingerie_80.jpg,42,71,163,148,lingerie
data/train/lingerie/lingerie_124.jpg,64,65,159,132,lingerie
data/train/lingerie/lingerie_124.jpg,46,148,142,204,lingerie
data/train/lingerie/lingerie_231.jpg,88,73,192,200,lingerie
data/train/lingerie/lingerie_130.jpg,3,4,117,132,lingerie
data/train/lingerie/lingerie_130.jpg,1,145,113,239,lingerie
data/train/lingerie/lingerie_130.jpg,134,150,244,233,lingerie
data/train/lingerie/lingerie_130.jpg,125,7,238,136,lingerie
data/train/lingerie/lingerie_165.jpg,52,106,180,226,lingerie
data/train/lingerie/lingerie_105.jpg,100,67,213,131,lingerie
data/train/lingerie/lingerie_105.jpg,96,148,216,213,lingerie
data/train/lingerie/lingerie_180.jpg,77,194,163,241,lingerie
data/train/lingerie/lingerie_180.jpg,80,98,152,156,lingerie
data/train/lingerie/lingerie_88.jpg,61,149,163,200,lingerie
data/train/lingerie/lingerie_88.jpg,77,64,180,128,lingerie
data/train/lingerie/lingerie_162.jpg,76,136,177,199,lingerie
data/train/lingerie/lingerie_162.jpg,88,49,181,129,lingerie
data/train/lingerie/lingerie_190.jpg,62,188,175,244,lingerie
data/train/lingerie/lingerie_190.jpg,72,78,192,156,lingerie
data/train/lingerie/lingerie_48.jpg,58,43,210,229,lingerie
data/train/lingerie/lingerie_78.jpg,34,162,177,219,lingerie
data/train/lingerie/lingerie_78.jpg,76,57,197,133,lingerie
data/train/lingerie/lingerie_127.jpg,57,68,198,214,lingerie
data/train/lingerie/lingerie_123.jpg,14,70,161,147,lingerie
data/train/lingerie/lingerie_123.jpg,38,151,165,216,lingerie
data/train/lingerie/lingerie_86.jpg,98,133,179,181,lingerie
data/train/lingerie/lingerie_86.jpg,94,68,166,115,lingerie
data/train/lingerie/lingerie_66.jpg,58,84,190,236,lingerie
data/train/lingerie/lingerie_45.jpg,87,7,162,234,lingerie
data/train/lingerie/lingerie_57.jpg,81,161,162,219,lingerie
data/train/lingerie/lingerie_54.jpg,63,170,186,227,lingerie
data/train/lingerie/lingerie_54.jpg,73,80,179,167,lingerie
data/train/lingerie/lingerie_100.jpg,19,67,177,128,lingerie
data/train/lingerie/lingerie_100.jpg,70,138,227,203,lingerie
data/train/lingerie/lingerie_7.jpg,83,157,176,217,lingerie
data/train/lingerie/lingerie_7.jpg,82,58,169,130,lingerie
data/train/lingerie/lingerie_223.jpg,51,176,131,229,lingerie
data/train/lingerie/lingerie_223.jpg,33,73,136,149,lingerie
